<?xml version="1.0" encoding="UTF-8"?>
<GenRun Id="impl_1" LaunchPart="xc7a200tisbg484-1L" LaunchTime="1743882884">
  <File Type="REPORTS-TCL" Name="multi_reports.tcl"/>
  <File Type="ROUTE-PWR-SUM" Name="multi_power_summary_routed.pb"/>
  <File Type="BITSTR-MMI" Name="multi.mmi"/>
  <File Type="OPT-DRC" Name="multi_drc_opted.rpt"/>
  <File Type="BG-DRC" Name="multi.drc"/>
  <File Type="ROUTE-STATUS-PB" Name="multi_route_status.pb"/>
  <File Type="BG-BGN" Name="multi.bgn"/>
  <File Type="PLACE-UTIL" Name="multi_utilization_placed.rpt"/>
  <File Type="PLACE-UTIL-PB" Name="multi_utilization_placed.pb"/>
  <File Type="PLACE-IO" Name="multi_io_placed.rpt"/>
  <File Type="BG-BIN" Name="multi.bin"/>
  <File Type="PLACE-CTRL" Name="multi_control_sets_placed.rpt"/>
  <File Type="ROUTE-PWR-RPX" Name="multi_power_routed.rpx"/>
  <File Type="ROUTE-DCP" Name="multi_routed.dcp"/>
  <File Type="BITSTR-MSK" Name="multi.msk"/>
  <File Type="BITSTR-RBT" Name="multi.rbt"/>
  <File Type="ROUTE-TIMINGSUMMARY" Name="multi_timing_summary_routed.rpt"/>
  <File Type="ROUTE-TIMING-RPX" Name="multi_timing_summary_routed.rpx"/>
  <File Type="ROUTE-STATUS" Name="multi_route_status.rpt"/>
  <File Type="PA-TCL" Name="multi.tcl"/>
  <File Type="ROUTE-PWR" Name="multi_power_routed.rpt"/>
  <File Type="ROUTE-DRC" Name="multi_drc_routed.rpt"/>
  <File Type="ROUTE-DRC-RPX" Name="multi_drc_routed.rpx"/>
  <File Type="ROUTE-DRC-PB" Name="multi_drc_routed.pb"/>
  <File Type="BITSTR-SYSDEF" Name="multi.sysdef"/>
  <File Type="ROUTE-METHODOLOGY-DRC" Name="multi_methodology_drc_routed.rpt"/>
  <File Type="ROUTE-METHODOLOGY-DRC-RPX" Name="multi_methodology_drc_routed.rpx"/>
  <File Type="BITSTR-LTX" Name="debug_nets.ltx"/>
  <File Type="BITSTR-LTX" Name="multi.ltx"/>
  <File Type="ROUTE-METHODOLOGY-DRC-PB" Name="multi_methodology_drc_routed.pb"/>
  <File Type="ROUTE-SIMILARITY" Name="multi_incremental_reuse_routed.rpt"/>
  <File Type="RDI-RDI" Name="multi.vdi"/>
  <File Type="ROUTE-CLK" Name="multi_clock_utilization_routed.rpt"/>
  <File Type="ROUTE-BUS-SKEW" Name="multi_bus_skew_routed.rpt"/>
  <File Type="ROUTE-BUS-SKEW-RPX" Name="multi_bus_skew_routed.rpx"/>
  <File Type="ROUTE-BUS-SKEW-PB" Name="multi_bus_skew_routed.pb"/>
  <File Type="POSTROUTE-PHYSOPT-TIMING" Name="multi_timing_summary_postroute_physopted.rpt"/>
  <File Type="POSTROUTE-PHYSOPT-TIMING-RPX" Name="multi_timing_summary_postroute_physopted.rpx"/>
  <File Type="POSTROUTE-PHYSOPT-TIMING-PB" Name="multi_timing_summary_postroute_physopted.pb"/>
  <File Type="POSTROUTE-PHYSOPT-BUS-SKEW" Name="multi_bus_skew_postroute_physopted.rpt"/>
  <File Type="POSTROUTE-PHYSOPT-BUS-SKEW-RPX" Name="multi_bus_skew_postroute_physopted.rpx"/>
  <File Type="BG-BIT" Name="multi.bit"/>
  <File Type="POSTROUTE-PHYSOPT-BUS-SKEW-PB" Name="multi_bus_skew_postroute_physopted.pb"/>
  <File Type="BITSTR-NKY" Name="multi.nky"/>
  <File Type="BITSTR-BMM" Name="multi_bd.bmm"/>
  <File Type="WBT-USG" Name="usage_statistics_webtalk.html"/>
  <File Type="OPT-HWDEF" Name="multi.hwdef"/>
  <File Type="PLACE-PRE-SIMILARITY" Name="multi_incremental_reuse_pre_placed.rpt"/>
  <File Type="ROUTE-ERROR-DCP" Name="multi_routed_error.dcp"/>
  <File Type="ROUTE-BLACKBOX-DCP" Name="multi_routed_bb.dcp"/>
  <File Type="ROUTE-TIMING-PB" Name="multi_timing_summary_routed.pb"/>
  <File Type="OPT-DCP" Name="multi_opt.dcp"/>
  <File Type="PLACE-DCP" Name="multi_placed.dcp"/>
  <File Type="PWROPT-DCP" Name="multi_pwropt.dcp"/>
  <File Type="POSTPLACE-PWROPT-DCP" Name="multi_postplace_pwropt.dcp"/>
  <File Type="PHYSOPT-DCP" Name="multi_physopt.dcp"/>
  <File Type="POSTROUTE-PHYSOPT-DCP" Name="multi_postroute_physopt.dcp"/>
  <File Type="POSTROUTE-PHYSOPT-BLACKBOX-DCP" Name="multi_postroute_physopt_bb.dcp"/>
  <File Type="PDI-FILE" Name="multi.pdi"/>
  <File Type="BOOT-PDI-FILE" Name="multi_boot.pdi"/>
  <File Type="PL-PDI-FILE" Name="multi_pld.pdi"/>
  <File Type="RCFI_FILE" Name="multi.rcfi"/>
  <File Type="CFI_FILE" Name="multi.cfi"/>
  <File Type="RNPI_FILE" Name="multi.rnpi"/>
  <File Type="NPI_FILE" Name="multi.npi"/>
  <File Type="RBD_FILE" Name="multi.rbd"/>
  <File Type="ROUTE-RQS" Name="multi_routed.rqs"/>
  <File Type="POSTROUTE-PHYSOPT-RQS" Name="multi_postroute_physopted.rqs"/>
  <File Type="ROUTE-RQS-RPT" Name="route_report_qor_suggestions_0.rpt"/>
  <File Type="POSTROUTE-PHYSOPT-RQS-RPT" Name="postroute_physopt_report_qor_suggestions_0.rpt"/>
  <FileSet Name="sources" Type="DesignSrcs" RelSrcDir="$PSRCDIR/sources_1" RelGenDir="$PGENDIR/sources_1">
    <Filter Type="Srcs"/>
    <File Path="$PSRCDIR/sources_1/new/multi.v">
      <FileInfo>
        <Attr Name="UsedIn" Val="synthesis"/>
        <Attr Name="UsedIn" Val="implementation"/>
        <Attr Name="UsedIn" Val="simulation"/>
      </FileInfo>
    </File>
    <Config>
      <Option Name="DesignMode" Val="RTL"/>
      <Option Name="TopModule" Val="multi"/>
      <Option Name="TopAutoSet" Val="TRUE"/>
    </Config>
  </FileSet>
  <FileSet Name="constrs_in" Type="Constrs" RelSrcDir="$PSRCDIR/constrs_1" RelGenDir="$PGENDIR/constrs_1">
    <Filter Type="Constrs"/>
    <Config>
      <Option Name="ConstrsType" Val="XDC"/>
    </Config>
  </FileSet>
  <FileSet Name="utils" Type="Utils" RelSrcDir="$PSRCDIR/utils_1" RelGenDir="$PGENDIR/utils_1">
    <Filter Type="Utils"/>
    <Config>
      <Option Name="TopAutoSet" Val="TRUE"/>
    </Config>
  </FileSet>
  <Strategy Version="1" Minor="2">
    <StratHandle Name="Vivado Implementation Defaults" Flow="Vivado Implementation 2024"/>
    <Step Id="init_design"/>
    <Step Id="opt_design"/>
    <Step Id="power_opt_design"/>
    <Step Id="place_design"/>
    <Step Id="post_place_power_opt_design"/>
    <Step Id="phys_opt_design"/>
    <Step Id="route_design"/>
    <Step Id="post_route_phys_opt_design"/>
    <Step Id="write_bitstream"/>
    <Step Id="write_device_image"/>
  </Strategy>
</GenRun>
